time,sm
2015-04-01 05:00:00,
2015-04-02 05:00:00,
2015-04-03 05:00:00,
2015-04-04 05:00:00,
2015-04-05 05:00:00,
2015-04-06 05:00:00,
2015-04-07 05:00:00,
2015-04-08 05:00:00,
2015-04-09 05:00:00,
2015-04-10 05:00:00,
2015-04-11 05:00:00,
2015-04-12 05:00:00,
2015-04-13 05:00:00,
2015-04-14 05:00:00,
2015-04-15 05:00:00,
2015-04-16 05:00:00,
2015-04-17 05:00:00,
2015-04-18 05:00:00,
2015-04-19 05:00:00,0.14890000224113464
2015-04-20 05:00:00,
2015-04-21 05:00:00,
2015-04-22 05:00:00,
2015-04-23 05:00:00,
2015-04-24 05:00:00,0.11939999461174011
2015-04-25 05:00:00,0.1054999977350235
2015-04-26 05:00:00,
2015-04-27 05:00:00,0.18140000104904175
2015-04-28 05:00:00,0.210099995136261
2015-04-29 05:00:00,0.18119999766349792
2015-04-30 05:00:00,0.17870000004768372
2015-05-01 05:00:00,0.32330000400543213
2015-05-02 05:00:00,0.2653000056743622
2015-05-03 05:00:00,0.3361999988555908
2015-05-04 05:00:00,0.22540000081062317
2015-05-05 05:00:00,
2015-05-06 05:00:00,0.26489999890327454
2015-05-07 05:00:00,0.2773999869823456
2015-05-08 05:00:00,0.42579999566078186
2015-05-09 05:00:00,
2015-05-10 05:00:00,
2015-05-11 05:00:00,0.24539999663829803
2015-05-12 05:00:00,0.28949999809265137
2015-05-13 05:00:00,0.3571999967098236
2015-05-14 05:00:00,0.2615000009536743
2015-05-15 05:00:00,0.21299999952316284
2015-05-16 05:00:00,0.3093000054359436
2015-05-17 05:00:00,0.20179998874664307
2015-05-18 05:00:00,0.26989999413490295
2015-05-19 05:00:00,0.21359999477863312
2015-05-20 05:00:00,
2015-05-21 05:00:00,0.31360000371932983
2015-05-22 05:00:00,0.21079999208450317
2015-05-23 05:00:00,
2015-05-24 05:00:00,0.2263999879360199
2015-05-25 05:00:00,0.2441999912261963
2015-05-26 05:00:00,0.38029998540878296
2015-05-27 05:00:00,0.3465999960899353
2015-05-28 05:00:00,
2015-05-29 05:00:00,0.31869998574256897
2015-05-30 05:00:00,0.21649999916553497
2015-05-31 05:00:00,0.28929999470710754
2015-06-01 05:00:00,0.27889999747276306
2015-06-02 05:00:00,0.33899998664855957
2015-06-03 05:00:00,0.2789999842643738
2015-06-04 05:00:00,0.2653000056743622
2015-06-05 05:00:00,0.3328999876976013
2015-06-06 05:00:00,0.41519999504089355
2015-06-07 05:00:00,0.3813000023365021
2015-06-08 05:00:00,0.4090999960899353
2015-06-09 05:00:00,0.32089999318122864
2015-06-10 05:00:00,
2015-06-11 05:00:00,0.3238999843597412
2015-06-12 05:00:00,0.2597000002861023
2015-06-13 05:00:00,0.3401999771595001
2015-06-14 05:00:00,0.29809999465942383
2015-06-15 05:00:00,
2015-06-16 05:00:00,0.19249999523162842
2015-06-17 05:00:00,
2015-06-18 05:00:00,0.33879998326301575
2015-06-19 05:00:00,0.2800000011920929
2015-06-20 05:00:00,
2015-06-21 05:00:00,0.25220000743865967
2015-06-22 05:00:00,0.2954999804496765
2015-06-23 05:00:00,0.1014999970793724
2015-06-24 05:00:00,0.2786000072956085
2015-06-25 05:00:00,0.25349998474121094
2015-06-26 05:00:00,0.3303999900817871
2015-06-27 05:00:00,0.21310000121593475
2015-06-28 05:00:00,0.14579999446868896
2015-06-29 05:00:00,0.3042999804019928
2015-06-30 05:00:00,0.22519999742507935
2015-07-01 05:00:00,0.3139999806880951
2015-07-02 05:00:00,0.26109999418258667
2015-07-03 05:00:00,
2015-07-04 05:00:00,0.22859999537467957
2015-07-05 05:00:00,0.2198999971151352
2015-07-06 05:00:00,0.26479998230934143
2015-07-07 05:00:00,0.23709999024868011
2015-07-08 05:00:00,
2015-07-09 05:00:00,0.2694000005722046
2015-07-10 05:00:00,0.2735999822616577
2015-07-11 05:00:00,0.2726999819278717
2015-07-12 05:00:00,0.2793999910354614
2015-07-13 05:00:00,0.26260000467300415
2015-07-14 05:00:00,0.30309998989105225
2015-07-15 05:00:00,0.25049999356269836
2015-07-16 05:00:00,0.30379998683929443
2015-07-17 05:00:00,0.2831999957561493
2015-07-18 05:00:00,0.2689000070095062
2015-07-19 05:00:00,0.284199982881546
2015-07-20 05:00:00,0.22989998757839203
2015-07-21 05:00:00,
2015-07-22 05:00:00,0.21359999477863312
2015-07-23 05:00:00,0.18389999866485596
2015-07-24 05:00:00,0.361299991607666
2015-07-25 05:00:00,0.21809999644756317
2015-07-26 05:00:00,
2015-07-27 05:00:00,0.37619999051094055
2015-07-28 05:00:00,0.26109999418258667
2015-07-29 05:00:00,0.24709999561309814
2015-07-30 05:00:00,0.2809999883174896
2015-07-31 05:00:00,0.2937999963760376
2015-08-01 05:00:00,0.2874000072479248
2015-08-02 05:00:00,0.20719999074935913
2015-08-03 05:00:00,0.2466999888420105
2015-08-04 05:00:00,0.2232999950647354
2015-08-05 05:00:00,0.26829999685287476
2015-08-06 05:00:00,0.34709998965263367
2015-08-07 05:00:00,0.23070000112056732
2015-08-08 05:00:00,
2015-08-09 05:00:00,0.2498999983072281
2015-08-10 05:00:00,0.22010000050067902
2015-08-11 05:00:00,0.3252999782562256
2015-08-12 05:00:00,0.20600000023841858
2015-08-13 05:00:00,
2015-08-14 05:00:00,0.25679999589920044
2015-08-15 05:00:00,0.21519999206066132
2015-08-16 05:00:00,0.2263999879360199
2015-08-17 05:00:00,0.21459999680519104
2015-08-18 05:00:00,0.20899999141693115
2015-08-19 05:00:00,
2015-08-20 05:00:00,0.181099995970726
2015-08-21 05:00:00,0.2328999936580658
2015-08-22 05:00:00,0.27559998631477356
2015-08-23 05:00:00,0.22499999403953552
2015-08-24 05:00:00,0.29170000553131104
2015-08-25 05:00:00,0.22439999878406525
2015-08-26 05:00:00,
2015-08-27 05:00:00,0.2689000070095062
2015-08-28 05:00:00,0.23099999129772186
2015-08-29 05:00:00,0.16200000047683716
2015-08-30 05:00:00,0.22169999778270721
2015-08-31 05:00:00,
2015-09-01 05:00:00,0.2724999785423279
2015-09-02 05:00:00,0.218299999833107
2015-09-03 05:00:00,0.21729999780654907
2015-09-04 05:00:00,0.21469999849796295
2015-09-05 05:00:00,0.2232999950647354
2015-09-06 05:00:00,0.19550000131130219
2015-09-07 05:00:00,0.1915999948978424
2015-09-08 05:00:00,0.25519999861717224
2015-09-09 05:00:00,0.3019999861717224
2015-09-10 05:00:00,0.20059999823570251
2015-09-11 05:00:00,0.2606000006198883
2015-09-12 05:00:00,0.19979999959468842
2015-09-13 05:00:00,
2015-09-14 05:00:00,0.2442999929189682
2015-09-15 05:00:00,0.21389999985694885
2015-09-16 05:00:00,0.31039997935295105
2015-09-17 05:00:00,0.24609999358654022
2015-09-18 05:00:00,
2015-09-19 05:00:00,0.2911999821662903
2015-09-20 05:00:00,0.027799999341368675
2015-09-21 05:00:00,0.32409998774528503
2015-09-22 05:00:00,0.26479998230934143
2015-09-23 05:00:00,0.21649999916553497
2015-09-24 05:00:00,0.29670000076293945
2015-09-25 05:00:00,0.2662999927997589
2015-09-26 05:00:00,0.2777999937534332
2015-09-27 05:00:00,0.26409998536109924
2015-09-28 05:00:00,0.2378999888896942
2015-09-29 05:00:00,0.28669998049736023
2015-09-30 05:00:00,0.24489998817443848
2015-10-01 05:00:00,
2015-10-02 05:00:00,0.2655999958515167
2015-10-03 05:00:00,0.2175999879837036
2015-10-04 05:00:00,0.26969999074935913
2015-10-05 05:00:00,0.17289999127388
2015-10-06 05:00:00,
2015-10-07 05:00:00,0.14899998903274536
2015-10-08 05:00:00,0.12389999628067017
2015-10-09 05:00:00,0.21439999341964722
2015-10-10 05:00:00,0.15389999747276306
2015-10-11 05:00:00,0.17739999294281006
2015-10-12 05:00:00,0.14350000023841858
2015-10-13 05:00:00,0.12539999186992645
2015-10-14 05:00:00,0.1347000002861023
2015-10-15 05:00:00,
2015-10-16 05:00:00,0.17919999361038208
2015-10-17 05:00:00,0.25529998540878296
2015-10-18 05:00:00,0.1938999891281128
2015-10-19 05:00:00,
2015-10-20 05:00:00,0.15489999949932098
2015-10-21 05:00:00,0.12960000336170197
2015-10-22 05:00:00,0.28360000252723694
2015-10-23 05:00:00,0.243599995970726
2015-10-24 05:00:00,
2015-10-25 05:00:00,0.30069997906684875
2015-10-26 05:00:00,0.21209999918937683
2015-10-27 05:00:00,
2015-10-28 05:00:00,0.14270000159740448
2015-10-29 05:00:00,
2015-10-30 05:00:00,
2015-10-31 05:00:00,0.18140000104904175
2015-11-01 05:00:00,0.23999999463558197
2015-11-02 05:00:00,0.29679998755455017
2015-11-03 05:00:00,0.2669999897480011
2015-11-04 05:00:00,0.3246999979019165
2015-11-05 05:00:00,
2015-11-06 05:00:00,0.17319999635219574
2015-11-07 05:00:00,0.2890999913215637
2015-11-08 05:00:00,0.2345999926328659
2015-11-09 05:00:00,0.2586999833583832
2015-11-10 05:00:00,0.21660000085830688
2015-11-11 05:00:00,
2015-11-12 05:00:00,
2015-11-13 05:00:00,
2015-11-14 05:00:00,
2015-11-15 05:00:00,
2015-11-16 05:00:00,
2015-11-17 05:00:00,
2015-11-18 05:00:00,
2015-11-19 05:00:00,
2015-11-20 05:00:00,
2015-11-21 05:00:00,
2015-11-22 05:00:00,
2015-11-23 05:00:00,
2015-11-24 05:00:00,
2015-11-25 05:00:00,
2015-11-26 05:00:00,
2015-11-27 05:00:00,
2015-11-28 05:00:00,
2015-11-29 05:00:00,
2015-11-30 05:00:00,
2015-12-01 05:00:00,
2015-12-02 05:00:00,
2015-12-03 05:00:00,
2015-12-04 05:00:00,
2015-12-05 05:00:00,
2015-12-06 05:00:00,
2015-12-07 05:00:00,
2015-12-08 05:00:00,
2015-12-09 05:00:00,
2015-12-10 05:00:00,
2015-12-11 05:00:00,
2015-12-12 05:00:00,
2015-12-13 05:00:00,
2015-12-14 05:00:00,
2015-12-15 05:00:00,
2015-12-16 05:00:00,
2015-12-17 05:00:00,
2015-12-18 05:00:00,
2015-12-19 05:00:00,
2015-12-20 05:00:00,
2015-12-21 05:00:00,
2015-12-22 05:00:00,
2015-12-23 05:00:00,
2015-12-24 05:00:00,
2015-12-25 05:00:00,
2015-12-26 05:00:00,
2015-12-27 05:00:00,
2015-12-28 05:00:00,
2015-12-29 05:00:00,
2015-12-30 05:00:00,
2015-12-31 05:00:00,
2016-01-01 05:00:00,
2016-01-02 05:00:00,
2016-01-03 05:00:00,
2016-01-04 05:00:00,
2016-01-05 05:00:00,
2016-01-06 05:00:00,
2016-01-07 05:00:00,
2016-01-08 05:00:00,
2016-01-09 05:00:00,
2016-01-10 05:00:00,
2016-01-11 05:00:00,
2016-01-12 05:00:00,
2016-01-13 05:00:00,
2016-01-14 05:00:00,
2016-01-15 05:00:00,
2016-01-16 05:00:00,
2016-01-17 05:00:00,
2016-01-18 05:00:00,
2016-01-19 05:00:00,
2016-01-20 05:00:00,
2016-01-21 05:00:00,
2016-01-22 05:00:00,
2016-01-23 05:00:00,
2016-01-24 05:00:00,
2016-01-25 05:00:00,
2016-01-26 05:00:00,
2016-01-27 05:00:00,
2016-01-28 05:00:00,
2016-01-29 05:00:00,
2016-01-30 05:00:00,
2016-01-31 05:00:00,
2016-02-01 05:00:00,
2016-02-02 05:00:00,
2016-02-03 05:00:00,
2016-02-04 05:00:00,
2016-02-05 05:00:00,
2016-02-06 05:00:00,
2016-02-07 05:00:00,
2016-02-08 05:00:00,
2016-02-09 05:00:00,
2016-02-10 05:00:00,
2016-02-11 05:00:00,
2016-02-12 05:00:00,
2016-02-13 05:00:00,
2016-02-14 05:00:00,
2016-02-15 05:00:00,
2016-02-16 05:00:00,
2016-02-17 05:00:00,
2016-02-18 05:00:00,
2016-02-19 05:00:00,
2016-02-20 05:00:00,
2016-02-21 05:00:00,
2016-02-22 05:00:00,
2016-02-23 05:00:00,
2016-02-24 05:00:00,
2016-02-25 05:00:00,
2016-02-26 05:00:00,
2016-02-27 05:00:00,
2016-02-28 05:00:00,
2016-02-29 05:00:00,
2016-03-01 05:00:00,
2016-03-02 05:00:00,
2016-03-03 05:00:00,
2016-03-04 05:00:00,
2016-03-05 05:00:00,
2016-03-06 05:00:00,
2016-03-07 05:00:00,
2016-03-08 05:00:00,
2016-03-09 05:00:00,
2016-03-10 05:00:00,
2016-03-11 05:00:00,
2016-03-12 05:00:00,
2016-03-13 05:00:00,
2016-03-14 05:00:00,
2016-03-15 05:00:00,
2016-03-16 05:00:00,
2016-03-17 05:00:00,
2016-03-18 05:00:00,
2016-03-19 05:00:00,
2016-03-20 05:00:00,
2016-03-21 05:00:00,
2016-03-22 05:00:00,
2016-03-23 05:00:00,
2016-03-24 05:00:00,
2016-03-25 05:00:00,
2016-03-26 05:00:00,
2016-03-27 05:00:00,
2016-03-28 05:00:00,
2016-03-29 05:00:00,
2016-03-30 05:00:00,
2016-03-31 05:00:00,
2016-04-01 05:00:00,
2016-04-02 05:00:00,
2016-04-03 05:00:00,
2016-04-04 05:00:00,
2016-04-05 05:00:00,
2016-04-06 05:00:00,
2016-04-07 05:00:00,
2016-04-08 05:00:00,
2016-04-09 05:00:00,
2016-04-10 05:00:00,
2016-04-11 05:00:00,
2016-04-12 05:00:00,0.14980000257492065
2016-04-13 05:00:00,
2016-04-14 05:00:00,
2016-04-15 05:00:00,0.08889999985694885
2016-04-16 05:00:00,
2016-04-17 05:00:00,
2016-04-18 05:00:00,
2016-04-19 05:00:00,
2016-04-20 05:00:00,0.34209999442100525
2016-04-21 05:00:00,
2016-04-22 05:00:00,0.3060999810695648
2016-04-23 05:00:00,
2016-04-24 05:00:00,
2016-04-25 05:00:00,
2016-04-26 05:00:00,
2016-04-27 05:00:00,0.1931999921798706
2016-04-28 05:00:00,0.14669999480247498
2016-04-29 05:00:00,
2016-04-30 05:00:00,0.16249999403953552
2016-05-01 05:00:00,
2016-05-02 05:00:00,0.2475999891757965
2016-05-03 05:00:00,0.16869999468326569
2016-05-04 05:00:00,0.09049999713897705
2016-05-05 05:00:00,0.32839998602867126
2016-05-06 05:00:00,0.3238999843597412
2016-05-07 05:00:00,0.28540000319480896
2016-05-08 05:00:00,0.2710999846458435
2016-05-09 05:00:00,
2016-05-10 05:00:00,0.4154999852180481
2016-05-11 05:00:00,0.32909998297691345
2016-05-12 05:00:00,0.4204999804496765
2016-05-13 05:00:00,0.2556000053882599
2016-05-14 05:00:00,
2016-05-15 05:00:00,0.2451999932527542
2016-05-16 05:00:00,0.2708999812602997
2016-05-17 05:00:00,0.37849998474121094
2016-05-18 05:00:00,0.24619999527931213
2016-05-19 05:00:00,
2016-05-20 05:00:00,0.2557999789714813
2016-05-21 05:00:00,0.26409998536109924
2016-05-22 05:00:00,0.33889999985694885
2016-05-23 05:00:00,0.3346000015735626
2016-05-24 05:00:00,0.3813999891281128
2016-05-25 05:00:00,0.374099999666214
2016-05-26 05:00:00,0.2667999863624573
2016-05-27 05:00:00,0.35179999470710754
2016-05-28 05:00:00,0.004100000020116568
2016-05-29 05:00:00,0.3222000002861023
2016-05-30 05:00:00,0.0851999968290329
2016-05-31 05:00:00,0.31369999051094055
2016-06-01 05:00:00,
2016-06-02 05:00:00,0.27489998936653137
2016-06-03 05:00:00,0.26190000772476196
2016-06-04 05:00:00,0.3349999785423279
2016-06-05 05:00:00,0.25459998846054077
2016-06-06 05:00:00,
2016-06-07 05:00:00,0.32499998807907104
2016-06-08 05:00:00,0.2207999974489212
2016-06-09 05:00:00,0.2678000032901764
2016-06-10 05:00:00,0.19669999182224274
2016-06-11 05:00:00,0.20879998803138733
2016-06-12 05:00:00,0.28619998693466187
2016-06-13 05:00:00,0.20329999923706055
2016-06-14 05:00:00,0.31919997930526733
2016-06-15 05:00:00,0.251800000667572
2016-06-16 05:00:00,0.18469999730587006
2016-06-17 05:00:00,0.39239999651908875
2016-06-18 05:00:00,0.27950000762939453
2016-06-19 05:00:00,
2016-06-20 05:00:00,0.21199999749660492
2016-06-21 05:00:00,0.19380000233650208
2016-06-22 05:00:00,0.37139999866485596
2016-06-23 05:00:00,0.22439999878406525
2016-06-24 05:00:00,
2016-06-25 05:00:00,0.25859999656677246
2016-06-26 05:00:00,0.22669999301433563
2016-06-27 05:00:00,0.31610000133514404
2016-06-28 05:00:00,0.25029999017715454
2016-06-29 05:00:00,0.2784000039100647
2016-06-30 05:00:00,0.3091000020503998
2016-07-01 05:00:00,0.18639999628067017
2016-07-02 05:00:00,0.2806999981403351
2016-07-03 05:00:00,0.2724999785423279
2016-07-04 05:00:00,0.25679999589920044
2016-07-05 05:00:00,0.3671000003814697
2016-07-06 05:00:00,0.00279999990016222
2016-07-07 05:00:00,
2016-07-08 05:00:00,0.22419999539852142
2016-07-09 05:00:00,0.21329998970031738
2016-07-10 05:00:00,0.28759998083114624
2016-07-11 05:00:00,0.18379999697208405
2016-07-12 05:00:00,
2016-07-13 05:00:00,0.27079999446868896
2016-07-14 05:00:00,0.20919999480247498
2016-07-15 05:00:00,0.25290000438690186
2016-07-16 05:00:00,0.20080000162124634
2016-07-17 05:00:00,0.23510000109672546
2016-07-18 05:00:00,0.2662999927997589
2016-07-19 05:00:00,0.17249999940395355
2016-07-20 05:00:00,0.1014999970793724
2016-07-21 05:00:00,0.24560000002384186
2016-07-22 05:00:00,0.2150999903678894
2016-07-23 05:00:00,0.3254999816417694
2016-07-24 05:00:00,0.21809999644756317
2016-07-25 05:00:00,
2016-07-26 05:00:00,0.22119998931884766
2016-07-27 05:00:00,
2016-07-28 05:00:00,0.2514999806880951
2016-07-29 05:00:00,0.21209999918937683
2016-07-30 05:00:00,
2016-07-31 05:00:00,0.24650000035762787
2016-08-01 05:00:00,0.1808999925851822
2016-08-02 05:00:00,
2016-08-03 05:00:00,0.1833999902009964
2016-08-04 05:00:00,0.21769998967647552
2016-08-05 05:00:00,0.22010000050067902
2016-08-06 05:00:00,
2016-08-07 05:00:00,0.258899986743927
2016-08-08 05:00:00,0.23879998922348022
2016-08-09 05:00:00,0.19059999287128448
2016-08-10 05:00:00,0.21469999849796295
2016-08-11 05:00:00,0.1882999986410141
2016-08-12 05:00:00,
2016-08-13 05:00:00,0.24529999494552612
2016-08-14 05:00:00,0.21559999883174896
2016-08-15 05:00:00,0.19339999556541443
2016-08-16 05:00:00,0.18279999494552612
2016-08-17 05:00:00,
2016-08-18 05:00:00,0.20389999449253082
2016-08-19 05:00:00,0.16769999265670776
2016-08-20 05:00:00,0.2906999886035919
2016-08-21 05:00:00,0.1898999959230423
2016-08-22 05:00:00,0.2700999975204468
2016-08-23 05:00:00,0.2857999801635742
2016-08-24 05:00:00,
2016-08-25 05:00:00,0.16830000281333923
2016-08-26 05:00:00,0.2134999930858612
2016-08-27 05:00:00,0.20250000059604645
2016-08-28 05:00:00,0.30809998512268066
2016-08-29 05:00:00,0.20639999210834503
2016-08-30 05:00:00,
2016-08-31 05:00:00,0.20419999957084656
2016-09-01 05:00:00,0.20509999990463257
2016-09-02 05:00:00,0.2930999994277954
2016-09-03 05:00:00,0.20719999074935913
2016-09-04 05:00:00,
2016-09-05 05:00:00,0.219200000166893
2016-09-06 05:00:00,0.15609999001026154
2016-09-07 05:00:00,0.282399982213974
2016-09-08 05:00:00,0.2386999875307083
2016-09-09 05:00:00,0.2825999855995178
2016-09-10 05:00:00,0.24489998817443848
2016-09-11 05:00:00,0.19249999523162842
2016-09-12 05:00:00,0.2513999938964844
2016-09-13 05:00:00,0.26479998230934143
2016-09-14 05:00:00,0.16979999840259552
2016-09-15 05:00:00,0.2751999795436859
2016-09-16 05:00:00,0.18859998881816864
2016-09-17 05:00:00,0.2157999873161316
2016-09-18 05:00:00,0.21879999339580536
2016-09-19 05:00:00,0.18469999730587006
2016-09-20 05:00:00,0.16030000150203705
2016-09-21 05:00:00,
2016-09-22 05:00:00,
2016-09-23 05:00:00,0.20149999856948853
2016-09-24 05:00:00,0.142099991440773
2016-09-25 05:00:00,0.19859999418258667
2016-09-26 05:00:00,0.16439999639987946
2016-09-27 05:00:00,
2016-09-28 05:00:00,0.23819999396800995
2016-09-29 05:00:00,0.1469999998807907
2016-09-30 05:00:00,0.25450000166893005
2016-10-01 05:00:00,
2016-10-02 05:00:00,0.19909998774528503
2016-10-03 05:00:00,0.2206999957561493
2016-10-04 05:00:00,0.10859999805688858
2016-10-05 05:00:00,0.12219999730587006
2016-10-06 05:00:00,0.19139999151229858
2016-10-07 05:00:00,0.14069999754428864
2016-10-08 05:00:00,0.1770000010728836
2016-10-09 05:00:00,0.16259999573230743
2016-10-10 05:00:00,
2016-10-11 05:00:00,0.121799997985363
2016-10-12 05:00:00,
2016-10-13 05:00:00,
2016-10-14 05:00:00,
2016-10-15 05:00:00,
2016-10-16 05:00:00,0.17559999227523804
2016-10-17 05:00:00,0.10429999977350235
2016-10-18 05:00:00,0.2692999839782715
2016-10-19 05:00:00,0.1614999920129776
2016-10-20 05:00:00,0.23709999024868011
2016-10-21 05:00:00,0.2149999886751175
2016-10-22 05:00:00,0.14010000228881836
2016-10-23 05:00:00,
2016-10-24 05:00:00,0.18379999697208405
2016-10-25 05:00:00,0.19789999723434448
2016-10-26 05:00:00,
2016-10-27 05:00:00,0.16329999268054962
2016-10-28 05:00:00,
2016-10-29 05:00:00,0.20419999957084656
2016-10-30 05:00:00,0.1462000012397766
2016-10-31 05:00:00,
2016-11-01 05:00:00,
2016-11-02 05:00:00,
2016-11-03 05:00:00,
2016-11-04 05:00:00,
2016-11-05 05:00:00,
2016-11-06 05:00:00,
2016-11-07 05:00:00,
2016-11-08 05:00:00,
2016-11-09 05:00:00,
2016-11-10 05:00:00,
2016-11-11 05:00:00,
2016-11-12 05:00:00,
2016-11-13 05:00:00,
2016-11-14 05:00:00,
2016-11-15 05:00:00,
2016-11-16 05:00:00,
2016-11-17 05:00:00,
2016-11-18 05:00:00,
2016-11-19 05:00:00,
2016-11-20 05:00:00,
2016-11-21 05:00:00,
2016-11-22 05:00:00,
2016-11-23 05:00:00,
2016-11-24 05:00:00,
2016-11-25 05:00:00,
2016-11-26 05:00:00,
2016-11-27 05:00:00,
2016-11-28 05:00:00,
2016-11-29 05:00:00,
2016-11-30 05:00:00,
2016-12-01 05:00:00,
2016-12-02 05:00:00,
2016-12-03 05:00:00,
2016-12-04 05:00:00,
2016-12-05 05:00:00,
2016-12-06 05:00:00,
2016-12-07 05:00:00,
2016-12-08 05:00:00,
2016-12-09 05:00:00,
2016-12-10 05:00:00,
2016-12-11 05:00:00,
2016-12-12 05:00:00,
2016-12-13 05:00:00,
2016-12-14 05:00:00,
2016-12-15 05:00:00,
2016-12-16 05:00:00,
2016-12-17 05:00:00,
2016-12-18 05:00:00,
2016-12-19 05:00:00,
2016-12-20 05:00:00,
2016-12-21 05:00:00,
2016-12-22 05:00:00,
2016-12-23 05:00:00,
2016-12-24 05:00:00,
2016-12-25 05:00:00,
2016-12-26 05:00:00,
2016-12-27 05:00:00,
2016-12-28 05:00:00,
2016-12-29 05:00:00,
2016-12-30 05:00:00,
2016-12-31 05:00:00,
2017-01-01 05:00:00,
2017-01-02 05:00:00,
2017-01-03 05:00:00,
2017-01-04 05:00:00,
2017-01-05 05:00:00,
2017-01-06 05:00:00,
2017-01-07 05:00:00,
2017-01-08 05:00:00,
2017-01-09 05:00:00,
2017-01-10 05:00:00,
2017-01-11 05:00:00,
2017-01-12 05:00:00,
2017-01-13 05:00:00,
2017-01-14 05:00:00,
2017-01-15 05:00:00,
2017-01-16 05:00:00,
2017-01-17 05:00:00,
2017-01-18 05:00:00,
2017-01-19 05:00:00,
2017-01-20 05:00:00,
2017-01-21 05:00:00,
2017-01-22 05:00:00,
2017-01-23 05:00:00,
2017-01-24 05:00:00,
2017-01-25 05:00:00,
2017-01-26 05:00:00,
2017-01-27 05:00:00,
2017-01-28 05:00:00,
2017-01-29 05:00:00,
2017-01-30 05:00:00,
2017-01-31 05:00:00,
2017-02-01 05:00:00,
2017-02-02 05:00:00,
2017-02-03 05:00:00,
2017-02-04 05:00:00,
2017-02-05 05:00:00,
2017-02-06 05:00:00,
2017-02-07 05:00:00,
2017-02-08 05:00:00,
2017-02-09 05:00:00,
2017-02-10 05:00:00,
2017-02-11 05:00:00,
2017-02-12 05:00:00,
2017-02-13 05:00:00,
2017-02-14 05:00:00,
2017-02-15 05:00:00,
2017-02-16 05:00:00,
2017-02-17 05:00:00,
2017-02-18 05:00:00,
2017-02-19 05:00:00,
2017-02-20 05:00:00,
2017-02-21 05:00:00,
2017-02-22 05:00:00,
2017-02-23 05:00:00,
2017-02-24 05:00:00,
2017-02-25 05:00:00,
2017-02-26 05:00:00,
2017-02-27 05:00:00,
2017-02-28 05:00:00,
2017-03-01 05:00:00,
2017-03-02 05:00:00,
2017-03-03 05:00:00,
2017-03-04 05:00:00,
2017-03-05 05:00:00,
2017-03-06 05:00:00,
2017-03-07 05:00:00,
2017-03-08 05:00:00,
2017-03-09 05:00:00,
2017-03-10 05:00:00,
2017-03-11 05:00:00,
2017-03-12 05:00:00,
2017-03-13 05:00:00,
2017-03-14 05:00:00,
2017-03-15 05:00:00,
2017-03-16 05:00:00,
2017-03-17 05:00:00,
2017-03-18 05:00:00,
2017-03-19 05:00:00,
2017-03-20 05:00:00,
2017-03-21 05:00:00,
2017-03-22 05:00:00,
2017-03-23 05:00:00,
2017-03-24 05:00:00,
2017-03-25 05:00:00,
2017-03-26 05:00:00,
2017-03-27 05:00:00,
2017-03-28 05:00:00,
2017-03-29 05:00:00,
2017-03-30 05:00:00,0.025299999862909317
2017-03-31 05:00:00,
2017-04-01 05:00:00,
2017-04-02 05:00:00,
2017-04-03 05:00:00,
2017-04-04 05:00:00,0.13539999723434448
2017-04-05 05:00:00,
2017-04-06 05:00:00,0.30219998955726624
2017-04-07 05:00:00,0.19169999659061432
2017-04-08 05:00:00,
2017-04-09 05:00:00,0.11969999969005585
2017-04-10 05:00:00,
2017-04-11 05:00:00,0.4738999903202057
2017-04-12 05:00:00,0.14319999516010284
2017-04-13 05:00:00,
2017-04-14 05:00:00,
2017-04-15 05:00:00,
2017-04-16 05:00:00,
2017-04-17 05:00:00,0.021199999377131462
2017-04-18 05:00:00,
2017-04-19 05:00:00,0.01589999906718731
2017-04-20 05:00:00,0.22369998693466187
2017-04-21 05:00:00,
2017-04-22 05:00:00,0.16369999945163727
2017-04-23 05:00:00,
2017-04-24 05:00:00,0.6807999610900879
2017-04-25 05:00:00,0.22829999029636383
2017-04-26 05:00:00,
2017-04-27 05:00:00,0.3349999785423279
2017-04-28 05:00:00,0.13359999656677246
2017-04-29 05:00:00,0.18599998950958252
2017-04-30 05:00:00,0.14079999923706055
2017-05-01 05:00:00,
2017-05-02 05:00:00,0.23719999194145203
2017-05-03 05:00:00,0.1298999935388565
2017-05-04 05:00:00,0.11549999564886093
2017-05-05 05:00:00,0.19499999284744263
2017-05-06 05:00:00,
2017-05-07 05:00:00,0.210099995136261
2017-05-08 05:00:00,0.10520000010728836
2017-05-09 05:00:00,0.1615999937057495
2017-05-10 05:00:00,0.15240000188350677
2017-05-11 05:00:00,0.18199999630451202
2017-05-12 05:00:00,0.2735999822616577
2017-05-13 05:00:00,0.17919999361038208
2017-05-14 05:00:00,0.258899986743927
2017-05-15 05:00:00,0.30820000171661377
2017-05-16 05:00:00,0.21729999780654907
2017-05-17 05:00:00,0.2904999852180481
2017-05-18 05:00:00,0.25209999084472656
2017-05-19 05:00:00,
2017-05-20 05:00:00,0.287200003862381
2017-05-21 05:00:00,0.3001999855041504
2017-05-22 05:00:00,0.37219998240470886
2017-05-23 05:00:00,0.3215999901294708
2017-05-24 05:00:00,
2017-05-25 05:00:00,0.3296000063419342
2017-05-26 05:00:00,0.20309999585151672
2017-05-27 05:00:00,0.32749998569488525
2017-05-28 05:00:00,0.2410999983549118
2017-05-29 05:00:00,0.24539999663829803
2017-05-30 05:00:00,0.3531000018119812
2017-05-31 05:00:00,0.24799999594688416
2017-06-01 05:00:00,0.13809999823570251
2017-06-02 05:00:00,0.24959999322891235
2017-06-03 05:00:00,0.2230999916791916
2017-06-04 05:00:00,0.32760000228881836
2017-06-05 05:00:00,0.21949999034404755
2017-06-06 05:00:00,
2017-06-07 05:00:00,
2017-06-08 05:00:00,0.2847999930381775
2017-06-09 05:00:00,0.3166999816894531
2017-06-10 05:00:00,0.2547999918460846
2017-06-11 05:00:00,
2017-06-12 05:00:00,0.23669999837875366
2017-06-13 05:00:00,0.2565999925136566
2017-06-14 05:00:00,0.2938999831676483
2017-06-15 05:00:00,0.2531000077724457
2017-06-16 05:00:00,0.2816999852657318
2017-06-17 05:00:00,0.2849999964237213
2017-06-18 05:00:00,0.20999999344348907
2017-06-19 05:00:00,0.29260000586509705
2017-06-20 05:00:00,0.26909998059272766
2017-06-21 05:00:00,
2017-06-22 05:00:00,0.2797999978065491
2017-06-23 05:00:00,0.21400000154972076
2017-06-24 05:00:00,0.24959999322891235
2017-06-25 05:00:00,0.30649998784065247
2017-06-26 05:00:00,0.2903999984264374
2017-06-27 05:00:00,0.2667999863624573
2017-06-28 05:00:00,
2017-06-29 05:00:00,
2017-06-30 05:00:00,0.22059999406337738
2017-07-01 05:00:00,0.24889999628067017
2017-07-02 05:00:00,0.31869998574256897
2017-07-03 05:00:00,0.2184000015258789
2017-07-04 05:00:00,0.28450000286102295
2017-07-05 05:00:00,0.2328999936580658
2017-07-06 05:00:00,0.20419999957084656
2017-07-07 05:00:00,0.2450999915599823
2017-07-08 05:00:00,0.24289999902248383
2017-07-09 05:00:00,0.28369998931884766
2017-07-10 05:00:00,0.2621999979019165
2017-07-11 05:00:00,0.16120000183582306
2017-07-12 05:00:00,0.2377999871969223
2017-07-13 05:00:00,0.2727999985218048
2017-07-14 05:00:00,0.23249998688697815
2017-07-15 05:00:00,0.24169999361038208
2017-07-16 05:00:00,0.21649999916553497
2017-07-17 05:00:00,
2017-07-18 05:00:00,0.17289999127388
2017-07-19 05:00:00,0.17639999091625214
2017-07-20 05:00:00,0.2303999960422516
2017-07-21 05:00:00,0.16589999198913574
2017-07-22 05:00:00,
2017-07-23 05:00:00,0.24709999561309814
2017-07-24 05:00:00,0.17389999330043793
2017-07-25 05:00:00,0.23709999024868011
2017-07-26 05:00:00,0.22819998860359192
2017-07-27 05:00:00,
2017-07-28 05:00:00,0.22769999504089355
2017-07-29 05:00:00,0.22599999606609344
2017-07-30 05:00:00,0.2502000033855438
2017-07-31 05:00:00,0.25360000133514404
2017-08-01 05:00:00,0.18809999525547028
2017-08-02 05:00:00,0.17880000174045563
2017-08-03 05:00:00,0.21449999511241913
2017-08-04 05:00:00,
2017-08-05 05:00:00,0.1509999930858612
2017-08-06 05:00:00,0.15850000083446503
2017-08-07 05:00:00,0.21660000085830688
2017-08-08 05:00:00,0.16409999132156372
2017-08-09 05:00:00,
2017-08-10 05:00:00,0.2264999896287918
2017-08-11 05:00:00,0.19489999115467072
2017-08-12 05:00:00,0.257999986410141
2017-08-13 05:00:00,0.23729999363422394
2017-08-14 05:00:00,0.2117999941110611
2017-08-15 05:00:00,0.2849999964237213
2017-08-16 05:00:00,0.18959999084472656
2017-08-17 05:00:00,0.21059998869895935
2017-08-18 05:00:00,0.2532999813556671
2017-08-19 05:00:00,0.27070000767707825
2017-08-20 05:00:00,0.2076999992132187
2017-08-21 05:00:00,0.1776999980211258
2017-08-22 05:00:00,
2017-08-23 05:00:00,0.17839999496936798
2017-08-24 05:00:00,0.17329999804496765
2017-08-25 05:00:00,0.19869999587535858
2017-08-26 05:00:00,0.1704999953508377
2017-08-27 05:00:00,
2017-08-28 05:00:00,0.08339999616146088
2017-08-29 05:00:00,0.19169999659061432
2017-08-30 05:00:00,0.21220000088214874
2017-08-31 05:00:00,0.24479998648166656
2017-09-01 05:00:00,0.21979999542236328
2017-09-02 05:00:00,0.24529999494552612
2017-09-03 05:00:00,0.15699999034404755
2017-09-04 05:00:00,0.17649999260902405
2017-09-05 05:00:00,0.272599995136261
2017-09-06 05:00:00,0.21639999747276306
2017-09-07 05:00:00,0.19200000166893005
2017-09-08 05:00:00,0.17649999260902405
2017-09-09 05:00:00,
2017-09-10 05:00:00,0.21809999644756317
2017-09-11 05:00:00,0.1931999921798706
2017-09-12 05:00:00,0.262800008058548
2017-09-13 05:00:00,0.19339999556541443
2017-09-14 05:00:00,
2017-09-15 05:00:00,0.25619998574256897
2017-09-16 05:00:00,0.18039999902248383
2017-09-17 05:00:00,0.23979999125003815
2017-09-18 05:00:00,0.21789999306201935
2017-09-19 05:00:00,0.23349998891353607
2017-09-20 05:00:00,0.2621999979019165
2017-09-21 05:00:00,0.20909999310970306
2017-09-22 05:00:00,0.10729999840259552
2017-09-23 05:00:00,0.251800000667572
2017-09-24 05:00:00,0.25689998269081116
2017-09-25 05:00:00,0.3155999779701233
2017-09-26 05:00:00,0.20819999277591705
2017-09-27 05:00:00,
2017-09-28 05:00:00,0.17729999125003815
2017-09-29 05:00:00,0.10489999502897263
2017-09-30 05:00:00,0.21369999647140503
2017-10-01 05:00:00,0.20260000228881836
2017-10-02 05:00:00,
2017-10-03 05:00:00,0.26659998297691345
2017-10-04 05:00:00,0.211899995803833
2017-10-05 05:00:00,0.3114999830722809
2017-10-06 05:00:00,0.25450000166893005
2017-10-07 05:00:00,0.26179999113082886
2017-10-08 05:00:00,0.2662999927997589
2017-10-09 05:00:00,0.1898999959230423
2017-10-10 05:00:00,0.2523999810218811
2017-10-11 05:00:00,0.2935999929904938
2017-10-12 05:00:00,0.2352999895811081
2017-10-13 05:00:00,0.040300000458955765
2017-10-14 05:00:00,0.22519999742507935
2017-10-15 05:00:00,
2017-10-16 05:00:00,0.2888999879360199
2017-10-17 05:00:00,0.2199999988079071
2017-10-18 05:00:00,0.2222999930381775
2017-10-19 05:00:00,0.20909999310970306
2017-10-20 05:00:00,
2017-10-21 05:00:00,0.11229999363422394
2017-10-22 05:00:00,0.06619999557733536
2017-10-23 05:00:00,
2017-10-24 05:00:00,0.10349999368190765
2017-10-25 05:00:00,
2017-10-26 05:00:00,
2017-10-27 05:00:00,0.3132999837398529
2017-10-28 05:00:00,0.29829999804496765
2017-10-29 05:00:00,0.1622999906539917
2017-10-30 05:00:00,
2017-10-31 05:00:00,
2017-11-01 05:00:00,
2017-11-02 05:00:00,
2017-11-03 05:00:00,0.2166999876499176
2017-11-04 05:00:00,0.1451999992132187
2017-11-05 05:00:00,
2017-11-06 05:00:00,0.23589999973773956
2017-11-07 05:00:00,
2017-11-08 05:00:00,
2017-11-09 05:00:00,
2017-11-10 05:00:00,
2017-11-11 05:00:00,
2017-11-12 05:00:00,
2017-11-13 05:00:00,
2017-11-14 05:00:00,
2017-11-15 05:00:00,
2017-11-16 05:00:00,
2017-11-17 05:00:00,
2017-11-18 05:00:00,
2017-11-19 05:00:00,
2017-11-20 05:00:00,
2017-11-21 05:00:00,
2017-11-22 05:00:00,
2017-11-23 05:00:00,
2017-11-24 05:00:00,
2017-11-25 05:00:00,
2017-11-26 05:00:00,
2017-11-27 05:00:00,
2017-11-28 05:00:00,
2017-11-29 05:00:00,
2017-11-30 05:00:00,
2017-12-01 05:00:00,
2017-12-02 05:00:00,
2017-12-03 05:00:00,
2017-12-04 05:00:00,
2017-12-05 05:00:00,
2017-12-06 05:00:00,
2017-12-07 05:00:00,
2017-12-08 05:00:00,
2017-12-09 05:00:00,
2017-12-10 05:00:00,
2017-12-11 05:00:00,
2017-12-12 05:00:00,
2017-12-13 05:00:00,
2017-12-14 05:00:00,
2017-12-15 05:00:00,
2017-12-16 05:00:00,
2017-12-17 05:00:00,
2017-12-18 05:00:00,
2017-12-19 05:00:00,
2017-12-20 05:00:00,
2017-12-21 05:00:00,
2017-12-22 05:00:00,
2017-12-23 05:00:00,
2017-12-24 05:00:00,
2017-12-25 05:00:00,
2017-12-26 05:00:00,
2017-12-27 05:00:00,
2017-12-28 05:00:00,
2017-12-29 05:00:00,
2017-12-30 05:00:00,
2017-12-31 05:00:00,
2018-01-01 05:00:00,
2018-01-02 05:00:00,
2018-01-03 05:00:00,
2018-01-04 05:00:00,
2018-01-05 05:00:00,
2018-01-06 05:00:00,
2018-01-07 05:00:00,
2018-01-08 05:00:00,
2018-01-09 05:00:00,
2018-01-10 05:00:00,
2018-01-11 05:00:00,
2018-01-12 05:00:00,
2018-01-13 05:00:00,
2018-01-14 05:00:00,
2018-01-15 05:00:00,
2018-01-16 05:00:00,
2018-01-17 05:00:00,
2018-01-18 05:00:00,
2018-01-19 05:00:00,
2018-01-20 05:00:00,
2018-01-21 05:00:00,
2018-01-22 05:00:00,
2018-01-23 05:00:00,
2018-01-24 05:00:00,
2018-01-25 05:00:00,
2018-01-26 05:00:00,
2018-01-27 05:00:00,
2018-01-28 05:00:00,
2018-01-29 05:00:00,
2018-01-30 05:00:00,
2018-01-31 05:00:00,
2018-02-01 05:00:00,
2018-02-02 05:00:00,
2018-02-03 05:00:00,
2018-02-04 05:00:00,
2018-02-05 05:00:00,
2018-02-06 05:00:00,
2018-02-07 05:00:00,
2018-02-08 05:00:00,
2018-02-09 05:00:00,
2018-02-10 05:00:00,
2018-02-11 05:00:00,
2018-02-12 05:00:00,
2018-02-13 05:00:00,
2018-02-14 05:00:00,
2018-02-15 05:00:00,
2018-02-16 05:00:00,
2018-02-17 05:00:00,
2018-02-18 05:00:00,
2018-02-19 05:00:00,
2018-02-20 05:00:00,
2018-02-21 05:00:00,
2018-02-22 05:00:00,
2018-02-23 05:00:00,
2018-02-24 05:00:00,
2018-02-25 05:00:00,
2018-02-26 05:00:00,
2018-02-27 05:00:00,
2018-02-28 05:00:00,
2018-03-01 05:00:00,
2018-03-02 05:00:00,
2018-03-03 05:00:00,
2018-03-04 05:00:00,
2018-03-05 05:00:00,
2018-03-06 05:00:00,
2018-03-07 05:00:00,
2018-03-08 05:00:00,
2018-03-09 05:00:00,
2018-03-10 05:00:00,
2018-03-11 05:00:00,
2018-03-12 05:00:00,
2018-03-13 05:00:00,
2018-03-14 05:00:00,
2018-03-15 05:00:00,
2018-03-16 05:00:00,
2018-03-17 05:00:00,
2018-03-18 05:00:00,
2018-03-19 05:00:00,
2018-03-20 05:00:00,
2018-03-21 05:00:00,
2018-03-22 05:00:00,
2018-03-23 05:00:00,
2018-03-24 05:00:00,
2018-03-25 05:00:00,
2018-03-26 05:00:00,
2018-03-27 05:00:00,
2018-03-28 05:00:00,
2018-03-29 05:00:00,
2018-03-30 05:00:00,
2018-03-31 05:00:00,
2018-04-01 05:00:00,
2018-04-02 05:00:00,
2018-04-03 05:00:00,
2018-04-04 05:00:00,
2018-04-05 05:00:00,
2018-04-06 05:00:00,
2018-04-07 05:00:00,
2018-04-08 05:00:00,
2018-04-09 05:00:00,
2018-04-10 05:00:00,
2018-04-11 05:00:00,
2018-04-12 05:00:00,
2018-04-13 05:00:00,
2018-04-14 05:00:00,
2018-04-15 05:00:00,
2018-04-16 05:00:00,
2018-04-17 05:00:00,
2018-04-18 05:00:00,
2018-04-19 05:00:00,
2018-04-20 05:00:00,
2018-04-21 05:00:00,
2018-04-22 05:00:00,
2018-04-23 05:00:00,
2018-04-24 05:00:00,
2018-04-25 05:00:00,
2018-04-26 05:00:00,
2018-04-27 05:00:00,
2018-04-28 05:00:00,
2018-04-29 05:00:00,
2018-04-30 05:00:00,
2018-05-01 05:00:00,
2018-05-02 05:00:00,
2018-05-03 05:00:00,
2018-05-04 05:00:00,
2018-05-05 05:00:00,
2018-05-06 05:00:00,
2018-05-07 05:00:00,
2018-05-08 05:00:00,
2018-05-09 05:00:00,
2018-05-10 05:00:00,
2018-05-11 05:00:00,
2018-05-12 05:00:00,0.2976999878883362
2018-05-13 05:00:00,0.2953999936580658
2018-05-14 05:00:00,0.11449999362230301
2018-05-15 05:00:00,0.2669000029563904
2018-05-16 05:00:00,0.2441999912261963
2018-05-17 05:00:00,0.275299996137619
2018-05-18 05:00:00,0.2247999906539917
2018-05-19 05:00:00,0.3594000041484833
2018-05-20 05:00:00,0.29339998960494995
2018-05-21 05:00:00,0.2692999839782715
2018-05-22 05:00:00,0.33739998936653137
2018-05-23 05:00:00,0.2425999939441681
2018-05-24 05:00:00,0.29420000314712524
2018-05-25 05:00:00,0.09910000115633011
2018-05-26 05:00:00,0.24619999527931213
2018-05-27 05:00:00,0.2337999939918518
2018-05-28 05:00:00,0.23169998824596405
2018-05-29 05:00:00,
2018-05-30 05:00:00,0.22459998726844788
2018-05-31 05:00:00,0.1987999975681305
2018-06-01 05:00:00,
2018-06-02 05:00:00,0.18039999902248383
2018-06-03 05:00:00,
2018-06-04 05:00:00,0.21149998903274536
2018-06-05 05:00:00,0.1509999930858612
2018-06-06 05:00:00,
2018-06-07 05:00:00,0.19099999964237213
2018-06-08 05:00:00,0.17960000038146973
2018-06-09 05:00:00,0.2239999920129776
2018-06-10 05:00:00,0.148499995470047
2018-06-11 05:00:00,0.06159999966621399
2018-06-12 05:00:00,0.2087000012397766
2018-06-13 05:00:00,0.08020000159740448
2018-06-14 05:00:00,0.18060000240802765
2018-06-15 05:00:00,0.16409999132156372
2018-06-16 05:00:00,
2018-06-17 05:00:00,0.16269999742507935
2018-06-18 05:00:00,0.21869999170303345
2018-06-19 05:00:00,0.23629999160766602
2018-06-20 05:00:00,0.20029999315738678
2018-06-21 05:00:00,
2018-06-22 05:00:00,0.22519999742507935
2018-06-23 05:00:00,0.14749999344348907
2018-06-24 05:00:00,0.2321999967098236
2018-06-25 05:00:00,0.18069998919963837
2018-06-26 05:00:00,0.20069999992847443
2018-06-27 05:00:00,
2018-06-28 05:00:00,0.030499998480081558
2018-06-29 05:00:00,0.2141999900341034
2018-06-30 05:00:00,0.22029998898506165
2018-07-01 05:00:00,0.1744999885559082
2018-07-02 05:00:00,0.21130000054836273
2018-07-03 05:00:00,0.18379999697208405
2018-07-04 05:00:00,
2018-07-05 05:00:00,0.17809998989105225
2018-07-06 05:00:00,0.21229998767375946
2018-07-07 05:00:00,0.17579999566078186
2018-07-08 05:00:00,0.16439999639987946
2018-07-09 05:00:00,
2018-07-10 05:00:00,0.0705999955534935
2018-07-11 05:00:00,
2018-07-12 05:00:00,0.19280000030994415
2018-07-13 05:00:00,0.19049999117851257
2018-07-14 05:00:00,0.2289000004529953
2018-07-15 05:00:00,0.28509998321533203
2018-07-16 05:00:00,0.12759999930858612
2018-07-17 05:00:00,0.044199999421834946
2018-07-18 05:00:00,0.013299999758601189
2018-07-19 05:00:00,0.026799999177455902
2018-07-20 05:00:00,0.32729998230934143
2018-07-21 05:00:00,0.05700000002980232
2018-07-22 05:00:00,
2018-07-23 05:00:00,0.2085999995470047
2018-07-24 05:00:00,0.1462000012397766
2018-07-25 05:00:00,
2018-07-26 05:00:00,0.19179999828338623
2018-07-27 05:00:00,
2018-07-28 05:00:00,0.3294000029563904
2018-07-29 05:00:00,0.13509999215602875
2018-07-30 05:00:00,0.26659998297691345
2018-07-31 05:00:00,
2018-08-01 05:00:00,0.2705000042915344
2018-08-02 05:00:00,
2018-08-03 05:00:00,0.21209999918937683
2018-08-04 05:00:00,0.19669999182224274
2018-08-05 05:00:00,0.2451999932527542
2018-08-06 05:00:00,
2018-08-07 05:00:00,0.2272000014781952
2018-08-08 05:00:00,
2018-08-09 05:00:00,
2018-08-10 05:00:00,0.2458999902009964
2018-08-11 05:00:00,0.2289000004529953
2018-08-12 05:00:00,0.13920000195503235
2018-08-13 05:00:00,0.1914999932050705
2018-08-14 05:00:00,
2018-08-15 05:00:00,0.1996999979019165
2018-08-16 05:00:00,0.12109999358654022
2018-08-17 05:00:00,0.19699999690055847
2018-08-18 05:00:00,0.1898999959230423
2018-08-19 05:00:00,0.20799998939037323
2018-08-20 05:00:00,0.25849997997283936
2018-08-21 05:00:00,0.179299995303154
2018-08-22 05:00:00,
2018-08-23 05:00:00,0.3012999892234802
2018-08-24 05:00:00,0.24269999563694
2018-08-25 05:00:00,0.38999998569488525
2018-08-26 05:00:00,0.20149999856948853
2018-08-27 05:00:00,
2018-08-28 05:00:00,0.23639999330043793
2018-08-29 05:00:00,0.23119999468326569
2018-08-30 05:00:00,0.21679998934268951
2018-08-31 05:00:00,0.21439999341964722
2018-09-01 05:00:00,
2018-09-02 05:00:00,0.2198999971151352
2018-09-03 05:00:00,0.17149999737739563
2018-09-04 05:00:00,0.2248999923467636
2018-09-05 05:00:00,0.20069999992847443
2018-09-06 05:00:00,0.19829998910427094
2018-09-07 05:00:00,0.2513999938964844
2018-09-08 05:00:00,0.19499999284744263
2018-09-09 05:00:00,0.29339998960494995
2018-09-10 05:00:00,0.22589999437332153
2018-09-11 05:00:00,0.259799987077713
2018-09-12 05:00:00,0.3677999973297119
2018-09-13 05:00:00,0.24459999799728394
2018-09-14 05:00:00,0.23119999468326569
2018-09-15 05:00:00,0.2849999964237213
2018-09-16 05:00:00,0.21739999949932098
2018-09-17 05:00:00,0.3243999779224396
2018-09-18 05:00:00,0.21949999034404755
2018-09-19 05:00:00,
2018-09-20 05:00:00,0.3001999855041504
2018-09-21 05:00:00,0.21959999203681946
2018-09-22 05:00:00,0.32580000162124634
2018-09-23 05:00:00,0.21519999206066132
2018-09-25 05:00:00,
2018-09-26 05:00:00,0.2012999951839447
2018-09-27 05:00:00,0.3043999969959259
2018-09-28 05:00:00,0.21539999544620514
2018-09-29 05:00:00,0.1808999925851822
2018-09-30 05:00:00,0.26510000228881836
2018-10-01 05:00:00,0.17899999022483826
2018-10-02 05:00:00,0.15529999136924744
2018-10-03 05:00:00,0.1354999989271164
2018-10-04 05:00:00,0.10189999639987946
2018-10-05 05:00:00,0.2653999924659729
2018-10-06 05:00:00,0.21699999272823334
2018-10-07 05:00:00,
2018-10-08 05:00:00,0.15549999475479126
2018-10-09 05:00:00,0.15070000290870667
2018-10-10 05:00:00,0.28619998693466187
2018-10-11 05:00:00,0.18159998953342438
2018-10-12 05:00:00,
2018-10-13 05:00:00,0.2637999951839447
2018-10-14 05:00:00,0.26019999384880066
2018-10-15 05:00:00,0.33399999141693115
2018-10-16 05:00:00,0.21459999680519104
2018-10-17 05:00:00,0.26170000433921814
2018-10-18 05:00:00,0.30309998989105225
2018-10-19 05:00:00,0.23229999840259552
2018-10-20 05:00:00,0.2786000072956085
2018-10-21 05:00:00,0.2696000039577484
2018-10-22 05:00:00,0.27629998326301575
2018-10-23 05:00:00,0.13899999856948853
2018-10-24 05:00:00,0.1428999900817871
2018-10-25 05:00:00,
2018-10-26 05:00:00,
2018-10-27 05:00:00,
2018-10-28 05:00:00,
2018-10-29 05:00:00,
2018-10-30 05:00:00,
2018-10-31 05:00:00,0.45069998502731323
2018-11-01 05:00:00,0.21930000185966492
2018-11-02 05:00:00,0.20629999041557312
2018-11-03 05:00:00,0.23569999635219574
2018-11-04 05:00:00,0.19169999659061432
2018-11-05 05:00:00,0.27619999647140503
2018-11-06 05:00:00,0.15230000019073486
2018-11-07 05:00:00,0.21310000121593475
2018-11-08 05:00:00,0.3862999975681305
2018-11-09 05:00:00,0.27399998903274536
2018-11-10 05:00:00,0.4138999879360199
2018-11-11 05:00:00,0.24560000002384186
2018-11-12 05:00:00,
2018-11-13 05:00:00,0.23819999396800995
2018-11-14 05:00:00,
2018-11-15 05:00:00,
2018-11-16 05:00:00,
2018-11-17 05:00:00,
2018-11-18 05:00:00,
2018-11-19 05:00:00,
2018-11-20 05:00:00,
2018-11-21 05:00:00,
2018-11-22 05:00:00,
2018-11-23 05:00:00,
2018-11-24 05:00:00,
2018-11-25 05:00:00,
2018-11-26 05:00:00,
2018-11-27 05:00:00,
2018-11-28 05:00:00,
2018-11-29 05:00:00,
2018-11-30 05:00:00,
2018-12-01 05:00:00,
2018-12-02 05:00:00,
2018-12-03 05:00:00,
2018-12-04 05:00:00,
2018-12-05 05:00:00,
2018-12-06 05:00:00,
2018-12-07 05:00:00,
2018-12-08 05:00:00,
2018-12-09 05:00:00,
2018-12-10 05:00:00,
2018-12-11 05:00:00,
2018-12-12 05:00:00,
2018-12-13 05:00:00,
2018-12-14 05:00:00,
2018-12-15 05:00:00,
2018-12-16 05:00:00,
2018-12-17 05:00:00,
2018-12-18 05:00:00,
2018-12-19 05:00:00,
2018-12-20 05:00:00,
2018-12-21 05:00:00,
2018-12-22 05:00:00,
2018-12-23 05:00:00,
2018-12-24 05:00:00,
2018-12-25 05:00:00,
2018-12-26 05:00:00,
2018-12-27 05:00:00,
2018-12-28 05:00:00,
2018-12-29 05:00:00,
2018-12-30 05:00:00,
2018-12-31 05:00:00,
